tier,topic,intent,current_ranking,target_url,page_type,priority,estimated_competition,internal_links_required,supporting_pages,authority_basis,evidence
1,Single-cell microalgae microfluidics,Understand methods,Unknown,/blog/single-cell-microalgae-microfluidics,Guide,1,Specialist primary literature; qualitative,/cyanoflow;/research/,vision-contamination-detection,Cyanoflow proposed workflow plus cited PhenoChip,SERP sampled 2026-10-04
1,Optical density vs biomass in algae,Interpret measurements,Unknown,/blog/six-culture-signals-main-senses,Improve existing,2,Specialist; qualitative,/#signals;/research/,digital-twin-droop-steele-model,Existing sensor design plus measurement literature,SERP sampled 2026-10-04
1,Algae digital twin assumptions,Understand models,Unknown,/blog/digital-twin-droop-steele-model,Improve existing,3,Specialist; qualitative,/#twin;/research/,digital-twins-biological-cultivation,Existing equations and simulation,SERP sampled 2026-10-04
1,Spirulina is a cyanobacterium,Clarify taxonomy,Unknown,/blog/spirulina-is-a-cyanobacterium,Improve existing,4,Unvalidated,/glossary;/applications/species/arthrospira,how-to-start-home-spirulina-culture,Existing taxonomy guide,Validate query metrics in GSC
1,Spirulina starter culture vs powder,Start cultivation,Unknown,/blog/how-to-start-home-spirulina-culture,Improve existing,5,Unvalidated,/research/;/applications/,zarrouk-medium-and-nutrients,Existing beginner note,Validate query metrics in GSC
1,Alkalinity vs pH in Spirulina,Understand carbon chemistry,Unknown,/blog/alkalinity-as-a-control-variable,Improve existing,6,Unvalidated,/#twin;/glossary,troubleshooting-ph-and-carbon,Existing cultivation chemistry,Validate query metrics in GSC
1,Microalgal phenotyping vs culture averages,Understand study design,Unknown,/blog/single-cell-microalgae-microfluidics,Expand guide section,7,Specialist; qualitative,/cyanoflow;/glossary,vision-contamination-detection,Cyanoflow single-cell design,SERP sampled 2026-10-04
1,Photobioreactor sensor interpretation,Understand instruments,Unknown,/blog/six-culture-signals-main-senses,Improve existing,8,Unvalidated,/#signals;/research/,dissolved-oxygen-stress-signal,Existing six-channel architecture,Validate query metrics in GSC
1,Pavlova vs Isochrysis,Compare live feeds,Unknown,/applications/pavlova-vs-isochrysis,Improve existing,9,Unvalidated,/applications/;/applications/species/pavlova,isochrysis-tisochrysis,Existing species comparison,Validate query metrics in GSC
1,Spirulina contamination limits,Recognize uncertainty,Unknown,/blog/troubleshooting-contamination-crashes,Improve existing,10,Unvalidated,/research/;/applications/,vision-contamination-detection,Existing troubleshooting; food-safety expert review needed,Validate query metrics in GSC
1,Algae biotech terms,Learn definitions,Unknown,/glossary,Substantive glossary,11,Unvalidated,/research/;/blog/,cyanoflow;digital-twin-droop-steele-model,Existing educational concepts,Validate query metrics in GSC
1,Algae cultivation research methods,Evaluate evidence,Unknown,/research/,Pillar,12,Unvalidated,/;/blog/;/cyanoflow,glossary,Transparent method and status labels,Validate query metrics in GSC
1,Dissolved oxygen in algae culture,Understand monitoring,Unknown,/blog/dissolved-oxygen-stress-signal,Improve existing,13,Specialist; qualitative,/#signals;/research/,light-temperature-mixing,Existing DO model; source limitations,SERP sampled 2026-10-04
1,Computer vision algae limitations,Evaluate measurements,Unknown,/blog/vision-contamination-detection,Improve existing,14,Specialist; qualitative,/cyanoflow;/#system,single-cell-microalgae-microfluidics,Existing vision design and uncertainty,SERP sampled 2026-10-04
1,AI photobioreactor bounded control,Understand safety,Unknown,/blog/bounded-autonomy-safe-ai-proposals,Improve existing,15,Unvalidated,/#safety;/research/,control-loop-architecture,Existing fail-closed architecture,Validate query metrics in GSC
2,How photobioreactors work,Understand cultivation,Unknown,/blog/what-is-main-plain-language,Expand existing,16,Unvalidated,/research/; /#inside,six-culture-signals-main-senses,Existing concept architecture,Validate query metrics in GSC
2,Open ponds vs photobioreactors,Compare cultivation systems,Unknown,/applications/how-to-grow-a-microalgae-culture,Expand comparison section,17,Unvalidated,/applications/;/research/,how-to-scale-a-microalgae-culture,Existing vessel guide; literature required,Validate query metrics in GSC
2,Microalgae vs cyanobacteria,Compare biology,Unknown,/blog/spirulina-is-a-cyanobacterium,Expand comparison section,18,Unvalidated,/glossary;/applications/,arthrospira;chlorella,Existing species and taxonomy material,Validate query metrics in GSC
2,AI algae growth prediction,Understand prediction,Unknown,/blog/photobioreactor-ai-optimization,Improve existing,19,Specialist; qualitative,/#twin;/research/,digital-twin-droop-steele-model,Existing proposed AI model safeguards,SERP sampled 2026-10-04
2,Digital twins in biotechnology,Understand definition,Unknown,/blog/digital-twins-biological-cultivation,Improve existing,20,Specialist; qualitative,/glossary;/research/,digital-twin-droop-steele-model,Existing educational model,SERP sampled 2026-10-04
2,Microalgae nutrient limitation,Understand growth constraints,Unknown,/blog/zarrouk-medium-and-nutrients,Expand existing,21,Unvalidated,/research/;/applications/,digital-twin-droop-steele-model,Existing medium chemistry; citations needed,Validate query metrics in GSC
2,Spirulina light temperature mixing,Understand growth conditions,Unknown,/blog/light-temperature-mixing,Improve existing,22,Unvalidated,/research/; /#twin,winter-home-growing-warmth,Existing physical inputs note,Validate query metrics in GSC
2,Microalgae live feeds for copepods,Choose educational protocol,Unknown,/applications/how-to-feed-copepods,Improve existing,23,Unvalidated,/applications/;/applications/species/tetraselmis,best-microalgae-for-copepod-culture,Existing aquaculture guide; primary citations needed,Validate query metrics in GSC
2,Best microalgae for copepod culture,Compare species,Unknown,/applications/best-microalgae-for-copepod-culture,Improve existing,24,Unvalidated,/applications/;/applications/species/isochrysis-tisochrysis,how-to-feed-copepods,Existing comparison; species-dependent caveats,Validate query metrics in GSC
2,Microalgae pigments and lipids,Understand applications,Unknown,/applications/microalgal-biotechnology,Improve existing,25,Unvalidated,/applications/;/applications/species/haematococcus,chlorella;dunaliella,Existing application/species material,Validate query metrics in GSC
2,High-throughput microalgae screening,Understand tradeoffs,Unknown,/blog/single-cell-microalgae-microfluidics,Expand methods section,26,Specialist; qualitative,/cyanoflow;/research/,vision-contamination-detection,Cited PhenoChip not Orr performance,SERP sampled 2026-10-04
2,Batch vs continuous cultivation,Compare operation,Unknown,/applications/how-to-scale-a-microalgae-culture,Expand comparison section,27,Unvalidated,/applications/;/research/,how-to-grow-a-microalgae-culture,Existing scale-up education; source review required,Validate query metrics in GSC
2,Microalgae contamination prevention,Understand controls,Unknown,/applications/prevent-contamination-microalgae-cultures,Improve existing,28,Unvalidated,/applications/;/research/,troubleshooting-contamination-crashes,Existing contamination guidance; safety review,Validate query metrics in GSC
3,Beer Lambert attenuation in algae,Understand model limitation,Unknown,/blog/digital-twin-droop-steele-model,Expand equation section,29,Specialist; qualitative,/glossary; /#twin,six-culture-signals-main-senses,Existing model; scattering limitations needed,SERP sampled 2026-10-04
3,Droop cell quota model,Understand nutrient dynamics,Unknown,/blog/digital-twin-droop-steele-model,Expand equation section,30,Unvalidated,/glossary;/research/,zarrouk-medium-and-nutrients,Existing quota-model explanation,Validate query metrics in GSC
3,Photoinhibition and Steele model,Understand light response,Unknown,/blog/light-temperature-mixing,Expand existing,31,Unvalidated,/glossary; /#twin,digital-twin-droop-steele-model,Existing light-response simulation,Validate query metrics in GSC
3,Microfluidic droplets vs microwells,Compare methods,Unknown,/blog/single-cell-microalgae-microfluidics,Expand comparison section,32,Specialist; qualitative,/cyanoflow;/glossary,vision-contamination-detection,Cited primary single-cell literature,SERP sampled 2026-10-04
3,Poisson single-cell loading,Understand occupancy,Unknown,/blog/single-cell-microalgae-microfluidics,Expand limitations section,33,Unvalidated,/cyanoflow;/glossary,single-cell-microalgae-microfluidics,Existing chip simulation; no measured occupancy,Validate query metrics in GSC
3,Time-series cell imaging controls,Design observations,Unknown,/blog/single-cell-microalgae-microfluidics,Expand validation section,34,Specialist; qualitative,/cyanoflow;/research/,vision-contamination-detection,Cyanoflow proposed tracking; cited studies,SERP sampled 2026-10-04
3,Cell recovery after phenotyping,Understand validation,Unknown,/blog/single-cell-microalgae-microfluidics,Expand recovery section,35,Specialist; qualitative,/cyanoflow;/research/,single-cell-microalgae-microfluidics,PhenoChip literature not Orr experiment,SERP sampled 2026-10-04
3,Algae model sensor drift,Plan fault testing,Unknown,/blog/control-loop-architecture,Expand existing,36,Unvalidated,/#safety;/research/,how-main-keeps-culture-safe,Existing independent-limits design,Validate query metrics in GSC
3,Local edge AI for microscopy,Understand resource tradeoffs,Unknown,/blog/edge-ai-biological-systems,Improve existing,37,Unvalidated,/#system;/cyanoflow,vision-contamination-detection,Existing proposed hardware; do not invent timings,Validate query metrics in GSC
3,Federated growth model parameters,Understand transfer limits,Unknown,/blog/federated-learning-network,Improve existing,38,Unvalidated,/#mesh;/research/,digital-twin-droop-steele-model,Existing parameter-sharing concept,Validate query metrics in GSC
3,Fresh Spirulina harvesting safety,Understand limits,Unknown,/blog/harvesting-and-using-fresh-spirulina,Improve existing,39,Unvalidated,/research/;/disclaimer,troubleshooting-contamination-crashes,Existing educational guide; specialist safety review required,Validate query metrics in GSC
3,Winter Spirulina cultivation,Understand environmental constraints,Unknown,/blog/winter-home-growing-warmth,Improve existing,40,Unvalidated,/research/;/blog/,light-temperature-mixing,Existing warmth guide; no universal optimum,Validate query metrics in GSC
